comment,magic,Sum of profit,Profit Factor,Recovery Factor,Sharpe Ratio,Maximum Drawdown
DEMO_strategy_02,2,17.02,1.7814508723599631,7.151260504201684,4.7308452529648815,-2.379999999999999
DEMO_strategy_01,1,4.54,1.2084481175390265,0.9025844930417496,1.6233278271645286,-5.029999999999999
DEMO_strategy_03,3,3.05,1.098961713173264,0.26498696785404,0.8950770038315785,-11.509999999999998
