comment,magic,Sum of profit,Profit Factor,Recovery Factor,Sharpe Ratio,Maximum Drawdown
strategy_10_demo,46,21.96,1.3058921855411616,1.647411852963241,9.196655596345359,-13.329999999999998
strategy_09_demo,45,20.92,1.2921787709497208,0.8778850188837608,8.315651588758879,-23.82999999999998
strategy_11_demo,47,20.68,1.2863869270184187,0.8700042069835926,7.99296661679131,-23.770000000000003
strategy_12_demo,48,19.16,1.2599728629579374,1.1350710900473917,8.689516866950965,-16.880000000000024
