comment,Sum of profit,Profit Factor,Recovery Factor,Sharpe Ratio,Maximum Drawdown,Win,Loss,Win Rate
DEMO_strategy_02,13.92,1.5594855305466238,2.540145985401457,3.7605975840024097,-5.480000000000006,12,8,60.00%
DEMO_strategy_01,1.5,1.0604351329572925,0.18587360594795538,0.5178952697680301,-8.07,11,8,57.89%
DEMO_strategy_03,0.04,1.0011823825007389,0.0027548209366391185,0.011527113596727945,-14.52,12,11,52.17%
