comment,Sum of profit,Profit Factor,Recovery Factor,Sharpe Ratio,Maximum Drawdown,Win,Loss,Win Rate
strategy_12_demo,26.24,1.2567012326354923,4.539792387543224,12.0222519307037,-5.780000000000037,81,33,71.05%
strategy_11_demo,30.04,1.300009987016878,2.1472480343102203,11.613770277808184,-13.990000000000007,65,39,62.50%
strategy_09_demo,29.59,1.2964038866072323,1.7074437391806139,11.734979987602166,-17.329999999999977,65,39,62.50%
strategy_14_demo,4.87,1.119980290711998,0.5846338535414167,2.307780876089221,-8.329999999999998,31,13,70.45%
strategy_10_demo,11.13,1.1007422157856626,0.43290548424737446,4.727884689500472,-25.710000000000008,65,48,57.52%
strategy_13_demo,2.34,1.0854638422205989,0.21971830985915494,0.709947750536419,-10.649999999999999,9,9,50.00%
strategy_19_demo,2.31,1.03770197486535,0.16582914572864318,0.5861609386777007,-13.930000000000003,15,20,42.86%
strategy_18_demo,2.68,1.041345263807467,0.1614457831325302,0.9499318180316677,-16.599999999999994,37,21,63.79%
